{"epoch": 25, "train_loss": 0.6675977769650911, "train_auc": 0.8286926720765204, "val_loss": 0.6658498883247376, "val_auc": 0.865492531867523, "learning_rate": 3.500186862628237e-09, "_timestamp": 1745924668.708874, "_runtime": 2026.9612820148468, "_step": 24, "_wandb": {"runtime": 2026}}