{"epoch": 25, "train_loss": 0.9336749409374437, "train_auc": 0.7121903626018564, "val_loss": 0.930791711807251, "val_auc": 0.7235659192340308, "learning_rate": 3.500186862628237e-09, "_timestamp": 1745619972.055607, "_runtime": 2352.538355112076, "_step": 24, "_wandb": {"runtime": 2352}}